{"Bach 847": 7.952256964919892, "Bach Goldberg 1": 7.315152599024176, "Haydn Sonata 50": 7.6342687846314545, "Mozart Alla Turca": 6.5878735346753}