{"Messiaen Les Anges": 7.119414223160959, "Boulez Premier Sonata": 4.630614509178226, "Xenakis Evryali": 6.29094824631885, "Ligeti Disordre": 9.657633840363825}