{"Scriabin Vers La Flamme": 7.888174106931777, "Debussy Prelude 8:": 6.990396074727471, "Schoenberg op11mvt3": 6.722630681860103, "Bartok Sonata 1 Mvt1": 8.1563277464837}