{"Chopin Waltz": 7.098127595373777, "Lizst Liebestraum": 8.57324764836548, "Schubert Impromptu": 8.721652769175355, "Tchaikovsky June": 7.920282880730454}