{"Bach 847": 260.301620498294, "Bach Goldberg": 260.2332869358936, "Haydn Sonata 50": 433.0571739830884, "Mozart Alla Turca": 180.2051383029351}