{"Xenakis Evyrail": 400.60023282448003, "Messiaen Les Anges": 231.0447097703268, "Ligeti Disordre": 98.15475932144545, "Boulez Sonata 1": 125.4873747921154}