{"Schoenberg Klaiverst\u00fccke": 168.63094980884395, "Debussy Prelude": 153.86909093947702, "Scriabin Vers": 405.25228866058404, "Bartok Sonata": 408.4436479836422}