{"Chopin Waltz": 303.33028174045273, "Liszt Liebestraum": 500.3907329033592, "Schubert Impromptu": 248.44140206839475, "Tchaikovsky June": 345.8928258753354}