{"Bach 847": 5.506950023584544, "Bach Goldberg 1": 5.620435538632966, "Haydn Sonata 50": 6.328727299804061, "Mozart Alla Turca": 5.998407748300801}