{"Messiaen Les Anges": 6.46667916289563, "Boulez Premier Sonata": 7.684505477412431, "Xenakis Evryali": 9.954933266409508, "Ligeti Disordre": 6.627844023808542}