{"Scriabin Vers La Flamme": 6.808891455845934, "Debussy Prelude 8:": 6.664076493493506, "Schoenberg op11mvt3": 8.058324461758446, "Bartok Sonata 1 Mvt1": 7.298191604966489}