{"Chopin Waltz": 7.432077849211035, "Lizst Liebestraum": 6.780336426513806, "Schubert Impromptu": 6.617533694253459, "Tchaikovsky June": 6.733572845656736}